[
  {
    "schoolName": "New Exploration sin Science, Technology and Math (NEST+M)",
    "degree": "Advanced Regents Diploma",
    "favoriteClass": "AP European History",
    "favoriteMemory": "Taking AP music theory with an old school jazz cat"
  },
  {
    "schoolName": "Binghamton University",
    "degree": "Master of Science, Mechanical Engineering",
    "favoriteClass": "Advanced Acoustics",
    "favoriteMemory": "Participating and being General Manager of the radio station, WHRW"
  },
  {
    "schoolName": "Stevens Institute of Technology",
    "degree": "Master of Science, Computer Science",
    "favoriteClass": "CS-546",
    "favoriteMemory": "Taking CS-546 during the Summer"
  }
]